,Tweets,len,ID,Date,Source,Likes,RTs,User Location,Geo,Coordinates
0,S√≥ um presidente assassino diz que n√£o √© sua atribui√ß√£o impedir que doentes morram asfixiados.,94,1355672108987256839,2021-01-31 00:19:52,Twitter for Android,16742,1509,Brasil,,
1,"L√≠der do @PTnaCamara, @enioverri , participa em Bras√≠lia do ato #StopBolsonaro e afirma: ""O mundo todo sabe que temos um governo genocida e assassino: Impeachment j√°!"".   #ForaBolsoraro #ImpeachmentDeBolsonaroUrgente  #ImpeachmentSalvaVidas Foto: Lula Marques https://t.co/l4YZPk8bYe",283,1355878300003037184,2021-01-31 13:59:12,Twitter Web App,75,27,Bras√≠lia-DF-Brasil,,
2,IMPEACHMENT J√Å! TEMOS UM ASSASSINO NA PRESID√äNCIA. https://t.co/mtuKp3jQ9I,74,1355920032379924481,2021-01-31 16:45:02,Twitter for iPhone,197,18,,,
3,"Bolsonaro √© um assassino. N√£o h√° outro nome p/ um presidente que nega a oferta de vacinas da Pfizer e gasta milh√µes com toneladas de cloroquina superfaturada. Quanto mais tempo esse bandido estiver na presid√™ncia da Rep√∫blica, mais brasileiros v√£o morrer. Impeachment j√°!",271,1353329009229066240,2021-01-24 13:09:14,Twitter for Android,22996,2639,Brasil,,
4,1.439 mortes em 24h. Hoje foi o 3¬∞ maior dia de √≥bitos causados pela covid e pela sabotagem de Bolsonaro. Quanto mais tempo esse assassino permanecer na presid√™ncia mais brasileiros morrer√£o. Impeachment j√°!,207,1354935344853090315,2021-01-28 23:32:14,Twitter for Android,8953,1162,Brasil,,
5,"A trag√©dia do covid no Brasil: temos apenas 2,8% da popula√ß√£o mundial, mas j√° pagamos com 10% dos mortos, por conta de um governo assassino! O SUS tem capacidade de montar 48 mil postos de vacina√ß√£o. Quantos est√£o funcionando? Ser√° na hora H e no dia D?",253,1355131139363635203,2021-01-29 12:30:15,Twitter Web App,827,250,,,
6,"Abjeto, abomin√°vel, abutre, achacador, acintoso, alim√°ria, amoral, animal, asno, asqueroso, assassino, atroz. Babaca, baderneiro, belicista, be√≥cio, besta-fera, biltre, bo√ßal, boca-suja, bosta, brega, bronco, buf√£o. Cabotino, cafajeste... (segue)  https://t.co/ilYbWJ6uGi https://t.co/pGwuPJ5EpL",295,1355007934107971587,2021-01-29 04:20:40,TweetDeck,2140,284,,,
7,"Dizer que n√£o pode fazer impeachment agora pra n√£o 'criar problema pro pa√≠s',  √© como dizer que n√£o pode condenar e prender um assassino porque a cadeia est√° com superlota√ß√£o.",175,1353690218847731713,2021-01-25 13:04:33,Twitter Web App,989,80,-Meus links a seguir...,,
8,"12) E se tem uma coisa que √© consenso entre todos os especialistas acad√™micos do ramo da criatividade √©:  O maior assassino da criatividade humana hoje √© a escola.  Isso n√£o √© s√≥ a opini√£o deles, √© documentado por estudos feitos ao longo de d√©cadas. https://t.co/eeV2qZypk5",273,1353806942079221760,2021-01-25 20:48:22,Twitter Web App,2097,85,Rio de Janeiro,,
9,Marcamos as pr√≥ximas datas de mobiliza√ß√£o:  31/1 - Mais carreatas pelo Brasil 1/2 - Protesto em Bras√≠lia na volta das atividades no Congresso  N√£o vamos descansar enquanto n√£o trocarmos esse governo insano e assassino.,218,1354182958530371584,2021-01-26 21:42:31,Twitter Web App,119,38,,,
10,"O pior n√£o √© o fato do juiz n√£o marcar o julgamento,  o pior √© que o assassino est√° solto, com tornozeleira eletr√¥nica. https://t.co/nEdJYL6T2I",143,1354244352084746241,2021-01-27 01:46:28,Twitter for Android,348,35,"Paran√°, Brasil",,
11,"Depois de @StephenCurry30 se tornar o 2¬∫ MAIOR CESTINHA DE 3 PTS da NBA, vamos relembrar as MELHORES cestas de longa dist√¢ncia do Brinquedinho Assassino! üéØ  #DubNation https://t.co/bi03LpMwcG",191,1353392768043900931,2021-01-24 17:22:35,TweetDeck,245,27,Brasil,,
12,"Thread fundamental explica em detalhes mais um crime, telvez o mais grave, desse governo assassino. https://t.co/TvupJlWamX",123,1353322362385682432,2021-01-24 12:42:49,Twitter for iPhone,287,28,World,,
13,Bolsonaro s√≥ vai responder em maio se quer o lote de vacinas ‚Äúextra‚Äù do Butantan. Mais de mil mortos por dia em janeiro e ele vai esperar at√© maio p falar se quer. E n√£o vai tb atr√°s d outras vacinas. Calcule a quantidade de sangue nas m√£os desse assassino! #ImpeachmentBolsonaro,279,1354943881503272965,2021-01-29 00:06:09,Twitter for iPhone,148,28,Brasil,,
